City Name,Document ID
Sri Ganganagar,txegt6wenbdpima4w6h10chf
Dausa,qkiqjgv8l5bcm99cv3ltkupi
Chitorgarh,h5wkcfvuihxxdzt4t4n51z09
Jalrapatan,c1a5uscmklq9ppe7ptf0h07o
Chhoti Sadri,d2nz4nxiuycb8de2svsgbdw2
Ghatol,nknjzzbhdz8hzr9agnq948k8
Kotputli,jrhbtlqbpd288cl3wtd1phj4
Lohariya,kuumlpcoajimigoath38iq6b
Jaitsar,ueo7ku2h4kdjnujft33v8dac
Reodar,jjrggzs5gfielgzj6kptx0s5
Bidasar,fc54wsjyccjmw63x3x58lh75
Partapur,rm3ugncbm6k8hqszn4cpu193
Fatehpur Shekhawati,csqxqo2vdjcr38uuunxg4v4n
Sayla,t5l6c977j34po3ticyd9k7sz
Chitri,rblhgosv9tmvypldosh82lh4
Jhunjhunu,rhprhj6rto1dcark1u8xl3s4
Galiyakot,ceh2uzz7wnvejzzg8dsdzd7r
Dhariawad,nwnhxdfh68bowwyiwvxj95w6
Bar,ii8ao6r94rrvw6flp4tpnnps
Kosikalan,gj07qocwd16fk1ntmdnt352s
Bar,kfgb2sgino6m93is49u71rap
Goplalganj,fy3nfv4yzco9o1rghwmvn29b
Nanded (South),lg4rl6y5hmnp5e4ca1skc5b2
Ratnagiri,h2o0awx6t32ix9tuduhv61c0
Sabarkanths,d1kxsh97kgojy76rqxdq08b4
Tripura West,cvfkoffs6cydjc4fp3pyvoci
Vasai,l4f0v3e31143v5twgedoahbb
Bhogal,fdwghkqt5q6ec9crgsj3zz7h
Nepal,vcenhg7etqxze15h8002y8ss
BBSR,tfyv684l1325pniehqo024kx
Panaji,pbp2a4j7iic5gkbvjhw4dbqh
Jamkhed,ehy5os77iusbnyasjtgil2n4
Chatterpur,mo9q00uf4klohr4q57txldmn
Bhuj,kuhp6f6q844emfp9o7pgupab
Jhalod,wrfi9fqki7ueunwxdpq0z5q8
Upleta,x67qe8ns475p97qc871akxv1
Gandhidham,pw5r4dmtykvb7uphifs5joun
Unjha,a71pa5rkacjb48x5e35skjwy
Idar,lwgf0v193skd1wqivekkzmfa
Dhansura,izmr00xcv9v5g9yv844whga3
Dholka,k8kr3pex4srk1hrr8v06xr8p
Padra,l6z3wvnxy37h9p2makom3idv
Umreth,jfo84sov32uceb0js9gbfbec
Bayad,swgpujunte1clmvjxocp9z2p
Dhandhuka,huq3alb1k2kqqddbn2adcnz6
Dhanera,bdilshl70y02rz3o83ru8ag8
Kathlal,jwfx7kbm9bonhlhdu6xlo80w
Kanodar,gpcq4mji828n1i7uh316hqaf
Dantiwada,yakzgw2k6x1d6s9uwjjbsas6
Chotaudaipur,bcx26d8q5bx06yes24gtg3os
Sangamner,yia6ep3h9a7c4z5ab1ndqiww
Shrirampur,e0rrg02yvteyix05mezrfi38
Malegaon,u8jju4xf5vw3dhpd7tfp6yg0
Chalisgaon,jyiaqderw9jsj8px0dvhklsm
Dondaicha,mo5xtpn2vvfobi9jchcs473a
Jintur,hqb9j08phdmperjcxrvqaf5u
Pathri,p60adq6i5pgkdxigy42pc2wz
Purna,w2rj7fqbf2urvffi9hb7vxli
Savda,fc7kpgavvasvxyg3us65dl2i
Vaijapur,ps1urd9ngdsrfs8nhjrjebr9
Bettiah,vp0hs8mifnpym7jptjcc0595
Sailu,b709e4w06n0jxtu1d20hafey
Parali,hi4b67bppriamctt08wlveaq
Dhule,dh61nnuqqib46m6rl0c0bh5l
Jamner,l0l9st87l11tj4za54baa8uk
Aurangabad (Bihar),h06swmqs4g8oz5njfdg6rzmx
Bihiya,bvm8xzxya63gz6q2blktc150
Bhokar,loymtzm634vqtbmhprs7uopg
Parola,r8tys288kxlqyob0zme45gmd
Bhabua,s4mfosr89cw14ov38rvk2tpj
Kahalgaon,v19lpl3nnyqw47l9bd3hual6
Narkatiyagunj,lqf4eqag5jq43qqsb15rp1ja
Tarapur,qyxgtfjo0whjiixkr4r8mndh
Billimora,sggt69mudf60xlu22lfgbhrb
Sankheda,wd6z9eipxfrsycrjqnzduykg
Jambusar,tnt6v25vgeak093xfdts8d8c
Gopalgunj,euwq2a7hh21wnq8fp8gelnva
Viramgam,vbt9ecirb71pejprhfofdfq9
Halol,gij9qgy0k5qg6qjfbuhmx5eg
Bodeli,zzerpaximnpzm99d0ztunsug
Ghatkeshwar,he10jzowfsiouwz4w4f92rr7
Washim,kgdmqw7l5xec0fj47ysl27wg
Dehgam,ayvd95btdawwrl16h7bx9aid
Jaisingpur,be5lx9u4tttwgfjaulkcks06
Karad,sigschc67m1x0c30w7232p4q
Koregaon,fi8v1do9tcjxzv21ie05rmzd
Tasgoan,tz1fkh88d01vyit9no7v2xts
Wai,b3hn5oizme79elg38rab6sts
Raxual,nb61wdr0arjsgw40ptl7v7d1
Bijapur,vx6psre5zexf8tavl76l3g8y
Muzaffarnagar,lybgjsvdk7uncwr0165y6ro8
Ambala Cantt,im7tfc6yj4yje3pn57b2rj9u
Shikohabad,j5hxha0q0pcvo586dov8vx24
Kalamboli,t3emyai1j7065omy03n58x47
Kamothe,bz1jhfltb88rxnw9u9lxno8w
Ulahasnagar,lj21akltc5qj7iyb2zmfvhir
Mandsour,yhg6o2sz972lu8qdqqsxqfel
Jambagh,k7kjwlahjjtblygd0m7kq7gc
New Aghapur,vym99aegj593mp82oh4sc04b
Hyderabad Shah Inyat Gunj,hkslkas78ooaw8u59nl233nv
Bollaram,dspn8ikgw7eamj54nz0hmdtl
Miyapur â€“Hyderabad,vikkq8h9mh3vedqaben460y0
Narnol,i396gh0fqwl50cbs66fynhlr
Kasganj,d80evb0b8nop171j1untc9ry
Dhoti  Vindhyanagar,st11tu57f8c19wombcrcutis
Kundli,ulwo4kvjfq55qkex9smzfar9
Hayatpur,u75sa6ha7t9ct9dxjhwfb8tu
Hodal,iqd0q5dzj0rxrmi87shtpr4y
Nalanda,bz6o3frrkaan0phb3w8h6agp
Phulwari,cnoz0f7ocuaxl114yne8ch0m
Akbarpur,ij94exybq4uw0i41yldqwr7a
Chitrkoot,ee86zs3ntnu2oqa9gtw2ddr2
Prayagraj,mx4v3b0u8zhj3so3os0kjl59
Shahajanpur,icv77fplskzzb511bfyhiixf
Bhatani,k6utin6j3twbb8eafsg90kr1
Kotkhai,aledh0taumd864t5a2wcusv7
Barddhaman,c325z3ooasi39gls1ykc8f84
Chowranghee,qbqjt2npj58ikk9kw9347fyc
Rupnarayanpur,ogk8ne15a43kh216cx4vwe18
Kakdwip,tswo4ks3svj1jccj77ms0g2k
Bongaon,lvdtcy41q9ikwf00192d4vvp
Bibirhat,kapfesxznor12dryu092ji1x
Jiaganj,oc179s82x5vkpa12phwss39r
Durgapur Purba,wn8cu8714vw86x8wakrrkuqv
Baliadanga,ol9nfkduacd5rrfkccsr335p
Shyamnagar,y3mw15nzli8a2h3fjzel62m9
Babupur,am99oeugwvyyeuan8mffwjjc
Sonarpur,lqu7kii9sfyjklnufu0xhdku
South Andaman,qvnqr1em1k27x7wud4hcijmf
Beleghata,vak1zke6l2awo3xvjb60ztmu
Neamatpur,fznd1oa5srm3ou4jofgh6j1t
Khanakul,leyz1leut39g3gypj2qese9s
Ukra,j1dsd5s8vzv0ikhjdvv1oukk
Bhangar,p4ugo6zd7xeb1wipzp7scu0o
Baranagar,m6q9pr4h009jgiua1tnnielv
Dalkhola,fomp1kbl89hjn6c64ievirk1
Sikkim,tiysy3pbgtabwj693dcltrm5
Coochbehar,zj2r33b3eb75c40eb8zgzvrd
Tufanganj,z225dgd4h3mgvdty33vfvnoc
Cooch Behar (Dakshin),llef2zmutd6lyqqryhdb8sj4
Ramsagar,a1cwmry1d2dzmrb9qeax0vzv
Kathjuridanga,it9xb8nohund8eafye4yp2xy
Shyamsunderpur,ymknpd4zkjc7epc7l43xc2je
Mindnapore,n9v6lolnmmtpylw050p6ehqv
Ghatal,m6q47rsvlalo9wyd06h40syn
Baghmundi,sly3w3psrvx5nfby0a2jn8l7
Salboni,vrtlcnxj32wrra1ffkxkdi46
Chowranghee,bpu3lzjxfb2rggfntaiv03d4
Rupnarayanpur,s27zkj4ssb9nitn853493jq9
Bherampur Bet,r950wct103zf5wub5u9c41fy
Manimajra,e73gwv21djqpj1pr2buuy3ut
Bhikhi,o6rl5zljm6x9t5r62oyek5ef
Hambran,nt9oven4izhiq4nj6zrsdkr8
Kapurthla,btzgmmo1vwdqscw5ckzdgt55
Dewal,x53il76i9kztv0niaw4nnxs7
Gauhati East,fugvq1be8osvgbr58wzqbwwh
Kandivali (west),aav4fttheb4ryc1rewdi4z7f
"Choolai, Chennai",kmd1srxz13qcp997md6x8i6b
"Parktown, Chennai",vzltaz9hdhc3gkxoyo3qrosd
"Egmore, Chennai",o0qjortclq0co5ra8tes4zm2
"Ambattur, Chennai",v7b80c24tgyflq9ewznw3zgb
"Maduravoyal, Chennai",g8ijjdkl5geldbm8olmcq79k
"Mogappair, Chennai",tcyomb0bl9r4ad7sn5gh77v1
"Mathur, Chennai",edsuhbakyhu3cpn85dr3mqv0
"Arumbakkam, Chennai",plz15g500um11r776ys89zcd
"Ponneri, Chennai",pcc4mua7skicvg9yqzo8lwu1
"Sti.Thomas Mount, Chennai",xjz0gc2p6c1pspawkk14w18s
"Kodambakkam, Chennai",ryvtphsxm8rpwa0ez7vz0n98
"Porur, Chennai",a0yy9rmdeql0510jqc8jmjn0
"Chennai, Alapakkam",teoeubjtme6wqla79pbhs82y
"Perungalathur, Chennai",g6hvot6nvrdfelof9zpu3g73
"Ashoknagar, Chennai",b19lqw1eb85kzoot1zgllsun
"Valasaravakkam, Chennai",mjtyvzss5hcgs6uyeg46exx5
"Thiruvanmiyur, Chennai",vntogdd7x0hn81tumemf0i5f
"Mylapore, Chennai",shtv8si5muxd1wrqsyvztxlp
"T.Nagar, Chennai",vvn6mrywxxkyc4aq7cgkgquz
"Nanganallur, Chennai",lmcv9hjuwga0oi0byfz69vyw
"Medavakkam, Chennai",q6g6pozk26xfxmrlkpuz6bn8
"Pallikaranai, Chennai",u3k1almbbuy8jhdygeouo4ti
"Sithalapakkam, Chennai",r3mim7fvrdb3k2azh4qpg3ug
Kanchipuram,zfyn7jpubhd3cn9712xbpp8q
Rajakilpakkam,rr0irzmkur1snm1hlibeatqs
"Pallavaram, Chennai",d9aaa10am7yk3e4uyg3ziqb8
"Hasthinapuram, Chennai",c4rkpddon7afz3tgmchb1ovi
Paduvancherry,sofbbrtuavcf16n4qkbcrenm
Chengalpattu,c8zcn0fx1y389eeywcwm14pa
Selaiyur,c18ilc64b3vvik7mpz4vdt7f
"West Tambaram, Chennai",qqvsecx27c1sk65bsn7f4mzx
Maraimalai Nagar,xo1w3vij7qvqsmwen89w1r55
Arcot,zaq9v7kui8mo544vjjmqmego
Walajapet,zbp67rcg97oku33n19zhzu6c
Anaicut,ihgmvwthjnbn6b8wgscyx2oe
Cuddalore,g3ge4ttkii3w86blw040jcqj
Chinnasalem,r36gyxmwc7vstkq6xf1ldq64
Virudhachalam,de0i7863h87mt3yjbauumhcv
Tindivanam,hpydbqxi79wnppk16h8sln0c
Vadakuthu,nud950odfwfadt3bs27hs38z
Aranthangi,k8im5tccauthr1n963o94j3q
Ayyampettai,gp6wdb3ae3lgrwdlr1r7lrmy
Peravurani,z9pbd1kermkolrlkoswqo0t5
Sulur,dnukyqdw425gnhd5oaedglwo
Thindal,v296hkjitgq59dpzm0xgp4mn
Edappadi,hpm0o3whzywwnyoxe38zw1gq
Dharamapuri,ahv0j96oszn1l5czb0ldy1p4
Palacode,uq4jdepmkla8v38rovfl4o3q
Harur,zz6fz9k89oyxcw6xpsoclxrc
Uthangarai,stw4c52412gwgrmvbs2zpgz1
Kelamangalam,j76yk03bbq35jw79xrkrzjnr
Gobichettipalayam,gh47w5dtwaoqj8gyt5qr1n3a
Vallakadavu,lg3uc88vn2ozoxx4c08ml2pp
Chalai,nimtqetytkzhazl08yl1ss49
Kottarakakra,lnh4z5aoofkzd6s1xzgnbr0f
Katakada,aokcg7qqbuxtnrwhoaodec2g
Karamana,jl10n7z0tmpr1d9wdu351l18
Pallimukku,irzl83tmm8wmqtk5uaq8gb2x
Kalluvathukkal,irr6mk75j8mlyprxsjp3jr7b
Mayyanadu,dmcedrciwttrm4062ginigo8
Enathu,v7yx1tnm04sm6q4ea02ermh7
Karunagapally,jh473otaqxiiek2k3zrrrglh
Bharanikavu,aecel0wc55fgor944qjxb056
Aranmula,nlpohu2ulk7arpwrvqmwrkjh
Nedumangadu,h0wpjx8blmsok3v9wh063pej
Ezhamkulam,ksaa31hhlivlozl0fr0pfmxe
Pettah,c4wrafusvo00b3ve26u0n4dn
Vembayam,qcx8utlivcwlnvz3uk3qaq28
Thattarkonam,dixhpg9piuskjnzsmdtddkla
Nullipady,eek09uqqb8msoodzxe6jqrft
Mattanur,h28jzimrs49k10l3jz4y3ght
South Bazar,ybu8wx16i15o6ez1c37qu1wj
Nadapuram,c21eznk26txe55y9k98mtl4g
Thalassery,sgzzh47hocpge677p95455g6
New Mahi,dxm3wh3fwixu1zmdcfz50kf8
Kalapatta,ac6gwx91ax78z6hjuo8g3yb3
Thammanam,dt6o824ftlersmap13ls4equ
Edapally,amhh8lu66ea6mqubgqmvif80
Erattupetta,r4qcquzz522oajskvx6es0sm
Perumthuruthy,efqdk0g1kl907ccwua9834bk
Kalathode,ryzrai576bspphzogmcz7yzs
Triprayar,rkz92u4fu63bewoqeh996bl6
Trikkakara,kkdg1s2vvvkxbkaludztp5yz
Poovarany,kz3qg6qfcsr1e1v0hismznn3
Kaloor,vwphi6ur5uaffcal97rbeuda
Arookutty,mu4l3o90in5xw2w4w2pi82cy
Ettumanoor,vwh1nbxxkkda29bzrun9wxoz
Kuttur,ii0skbilyfrp7n92qestf04x
Kottappadi,ye3nbrvzzba9wefobebspfps
Pazhayannur,t1fv6avuhmlrs9vy8bzn1j36
Kuruvilassery,zv2w4kcy4yyfr01eoun2fztq
Kalmandapam,vcj3mleuejpiddqtkjb5z1kg
Manapadi,g370kquofgnfadeyddee9c6t
Perambra,zkubtz95w6foe8e41121v46t
Kanhipura,c1wi0dga4pl2iwz3xyd9gstw
Kondotty,uwpw8wwjtl8nvnqm49vn0u38
Ottapalam,y81fa6lf25g8qqh036l6qhgo
Kongad,di23gm7jb77wpphas275zu1f
Perithalmanna,qrxrhfmrf4r43jimge8r6icz
Mankavu,o3esdfqdudr8i91nvc845to4
Manapullikavu,qwb9xsyp7ttroxqal1nls53f
Vallapuzha,qzmtk62pwtg6p2089k27aq51
Balussery,drnywy4xwqjubp8bhi10x084
Chembukkavu,snutqi9v3gfthdfzq90ih7k5
Killipalam,r0p0rwzc1ghbjyhm8l9u1f7v
Pathirapala,gsw3ff26bia08xx2lwqllizh
Sivagangai,hfqp6dlvsgczc4uk5b6vde9j
Cumbum,ledit5e5n9b291hd8qkslbig
Mulagumoodu,ksjzrdvlqjvgr3qtzuog14yd
Puliyankudi,j29vhn6gl4ts6upg0yejxv5d
Kulathur,ry1qevigukdbpan283jjnj0x
Ida Patancheru,pq6f8iq452mwmzaurptxmm05
Narsingi,hb5uvi9zc54rqjk2yeuoqlbz
Warangal (East),ga4k4zjtwpdyfmupns9f554t
Goshamahal,srso4omeg6ienlocwmiv63lc
Gajwel,v490okz16c9c2oiv4gczpbem
Husnabad,cy8vann76zddhxv1fe89qwjw
Hanamkonda,cuzuqbr0wp78gq0uc1tryn6n
Shadnagar,u4fsyv29ibwddmcgfxft5l6v
"KPBH Colony, Hyderabad",vqkt6yt7gbe0002l1njbtth6
Armoor,rtkxmi3v6pechs2us0feb5ju
"Fathe Nagar, Hyderabad",dqofgr98a4p0q7qv4o4u5rmg
Gulbarga,jhw08pt03f2hlf54pyhvo6bi
Ranebennur,kgnmlagwrxgyuuheyrpkj6d3
Sindhanur,zvykxqnxmr9ul6oao7qegqsn
Mahalingpur,s94roz4n91vnh54r1nnhbmyv
Sri Ganganagar,w3fvaqlomcvxz1e9d0194kgp
Dausa,pm8w6fs9e8cvqsnq5s6dlimu
Chitorgarh,m7v93rfxyd9vvn9m041hnsh9
Jalrapatan,ux2ks8282adkfxf26bgwhrr1
Chhoti Sadri,ctk32ummkiahn4s56q2jde08
Ghatol,zfqjigqnz5y43l6ckqjhsicc
Kotputli,spoz4cumfoa32ypr6empbdy1
Lohariya,y9wwnbtgr9px0tw7uuv70ygq
Bhawani Mandi,lin8x4iswt7ooyq7ibkwrjz4
Jaitsar,wfrhfg3yzxl9yefisxzz0ch8
Reodar,l8qxzbrroyorshkon2u3r078
Bidasar,ja1td5wsrpfhic8gtie2v74w
Partapur,w9sf0yk782o61jlnbuwwjnhw
Fatehpur Shekhawati,rwsd0tubf5lrkbe6t7ngt57f
Palsana,snft73nls7afmu1cf969wnk5
Mahwa,s4teiz6zmbgudfhwgwy28mgz
Chomu,gs3t6k6uoope6t037x956l9z
Neem Ka Thana,gohpkmggvjg8az7vw6zwmy6z
Sayla,wwrsoc3mgl4mt5wcdima0zrb
Dholpur,ipv6tvk7afz8rj7kucmqfbva
Chitri,fsa9pa8ph6vx71tvmjqauiox
Jhunjhunu,vznno50multlrm415409mdry
Galiyakot,xa5lie14nk69yv3dia98nsh6
Dhariawad,hirzbgrvopeqma63ppmhaaq0
Bar,b2klamb03sy0nv5lxj2joqo7
Ponnurunni,zxbyx562uxf3rz2kxz9e64w2
Wadakkancherry,jdwt7wgk9v2h528ngvigqndb
Addanki,xmewr0yqdcohvj3iqwpy7vl7
Akividu,m6shvbrf238lg3hd9p9ckmj1
Atmakur,ptn8iut93i16hkhcqsi4cvwz
Badvel,nscksiqoy6g6ttv3v03s4j5w
Cheepurupalli,ttvn650sl2hsj8axdsllrvey
Darsi,ftjpxro6iooortmhlokizeoa
Dhone,kkdlxgrrve4p06v1cd27ylrf
Gajuwaka,s6tnzhak8ckxlbzhlcpbcup8
Giddalur,os1jje6uy0lx8u2tczdgbl10
Gorantla,uowgvezoe0h9ooa2iwdxtbnz
Jangareddy Gudem,its8xlh08zybj6aj54bxa3au
Kalakada,paf0karhiouztg2g44jqw724
Kalyandurg,at16v0ajotqriz9gzl8xun8o
Sompeta,pw88nnfhkugcnro1fv3llub2
Kodur,o00gt2qo80uukcqos5wphgh9
Machalipatnam,co4yw88u15akgw8ijzxpivcr
Madakasira,b4hd3qhmbkavigtdiu1hcsss
Maduravada,rg9wlqkpvamki241d3mjrjjd
Mangalagiri,sucq9naxwfb40lwtp824vi0j
Mydukur,x5akia0x4mk8m20wmr5ru7d2
Naidupeta,mflejbl1rtxwcdm5ggbz8laa
Nandigama,xb8w1nbqo29dgbwv9xieufna
Narasannapeta,xprqzyopt2uc8pdf8umxivl3
Narpala,g2ecvppm115aaaz6xwmqbfhx
Palakonda,vyz9inuo6ppiew2za5z9cc0b
Palamaner,g2le4dvsm24mjm7oq5vkd1ew
Penukonda,i6a78b7or3dhfw3rhin9v5e1
Porumamilla,j9qqoal7uqf1pyanumt6r9r8
Pulivendula,l2rk5q3bp6veydde0qqmlebn
Tadipatri,ufgxsgtm5tyh6glg733bvrn9
Tatipaka,j6pg68i5jyl5xk5lzd9skr87
Tekkali,jams61m7z68p5tjvxmewgd54
Udayagiri,whcc3w1a1uuzc4fw1daxfjwq
Urvakonda,jqz7s2amuowyfyixyfhuch1v
Vinjamur,hw9phu961b86grxsdgbgjo46
Visakhapatanam,nbsfbar0crtuh63m5qxaq43f
Barddhaman,oysow2aelr8pdgsnbef1w3ff
Tirupathi,qy6b7helsptg1bssxxjsl6y4
Margao,fctn92gt1xjdkbhtd2kz29zb
Aravalli,u2xva7t5tnghyfwshybavj6n
Sundergarh,pu9swgucgt7c7xbw3z85mgtm
Parganas,db750tg2ts0knc72lutkefay
Ravulapalem,ijv6kwpgof4w4qb10f8sojvf
Udwant Nagar,w2vka27v5xhq67oi9due6mxm
Gundlupete,hvq21n6czl93bbyz9ofykyhh
Khardaha,puhq57dg2jtuiib8tqfwerz1
FORBESGAN,knqlsv7ejzdtgwi07uljs1cx
Balesore,deqojdjse6kxxosnte4wnud7
Raebareli,ocrw2fl7q4zk93t21b21ptf1
